category_name;amount;rank
Television;4450;1
Teaching Skills & Techniques;4122;2
World Atlases / World Maps;3792;3
Usage & Grammar Guides;1862;4
Theatre Studies;1854;5
Unexplained Phenomena / The Paranormal;1776;6
Literary Essays;1457;7
Anthologies (non-poetry);1335;8
Teaching Resources & Education;1110;9
Ice Hockey;1011;10
Literary Studies: General;857;11
Science: General Issues;801;12
Guidebooks;799;13
Religion: General;798;14
Teaching Of A Specific Subject;772;15
Linguistics;768;16
Films, Cinema;722;17
Plays, Playscripts;715;18
History Of Science;675;19
Biography: General;647;20
Skiing;626;21
History Of Religion;609;22
Educational Strategies & Policy;596;23
Organization & Management Of Education;576;24
Christian Theology;553;25
Biography: Arts & Entertainment;534;26
Primary & Middle Schools;522;27
Dance & Other Performing Arts;516;28
Philosophy Of Religion;509;29
Language Teaching & Learning Material & Coursework;505;30
History Of The Americas;496;31
Christian Books;492;32
Individual Actors & Performers;484;33
Philosophy Of Science;461;34
Miscellaneous Items;443;35
Philosophy & Theory Of Education;428;36
Acting Techniques;427;37
Educational Psychology;420;38
Ghosts & Poltergeists;415;39
Grammar, Syntax;405;40
Media Studies;402;41
Teaching Staff;390;42
Memoirs;383;43
Historical & Comparative Linguistics;379;44
Philosophy;376;45
UFOs & Extraterrestrial Beings;371;46
Grammar & Vocabulary;365;47
Travel Maps & Atlases;358;48
Spirituality & Religious Experience;355;49
Film Theory & Criticism;344;50
Popular Science;336;51
Popular Culture;317;52
Higher & Further Education, Tertiary Education;316;53
Prose: Non-fiction;315;54
Mysticism, Magic & Ritual;315;54
European History;300;55
Communication Studies;294;56
Literary Studies: Plays & Playwrights;291;57
Biblical Studies & Exegesis;279;58
Autobiography: Arts & Entertainment;273;59
Teacher Training;270;60
Social & Cultural History;267;61
Impact Of Science & Technology On Society;256;62
Reference Works;253;63
Sports Books;250;64
Travel Maps;248;65
Other Performing Arts;248;65
Mind, Body & Spirit;247;66
Literature: History & Criticism;235;67
Semantics;235;67
Curriculum Planning & Development;232;68
Personal Development;231;69
Language Teaching & Learning (other Than ELT);228;70
ELT: Learning Material & Coursework;226;71
Comparative Religion;225;72
Language: Reference & General;220;73
Winter Sports;216;74
Secondary Schools;214;75
Christian Life & Practice;209;76
Pre-school & Kindergarten;208;77
Folklore, Myths & Legends;208;77
Religious Life & Practice;207;78
Religious Books;207;78
Sociology;206;79
Society & Culture: General;205;80
Funny Books & Stories;203;81
Educational Equipment & Technology, Computer-aided Learning (CAL);202;82
Contemporary Fiction;195;83
Politics & Government;192;84
Gender Studies: Women;191;85
Poetry By Individual Poets;189;86
Teaching Of Specific Groups & Persons With Special Educational Needs;184;87
Creative Writing & Creative Writing Guides;181;88
British & Irish History;181;88
Ancient History: To C 500 CE;181;88
Religion & Politics;181;88
Cultural Studies;177;89
Social & Cultural Anthropology;177;89
Ethics & Moral Philosophy;175;90
Physics Books;175;90
Theology;174;91
Stationery;171;92
Literary Studies: Classical, Early & Medieval;170;93
Shakespeare Plays;169;94
Christian Institutions & Organizations;169;94
Ice-skating;166;95
Religion & Science;162;96
Mind, Body, Spirit: Meditation & Visualisation;160;97
Psychic Powers & Psychic Phenomena;159;98
Literary Studies: From C 1900 -;158;99
Biology, Life Sciences;158;99
General & World History;158;99
Film Scripts & Screenplays;156;100
Psychology;155;101
Science Fiction;154;102
Television Scripts & Screenplays;154;102
Astronomy, Space & Time;154;102
Dance;152;103
Study & Learning Skills: General;148;104
Encyclopaedias & Reference Works;146;105
Radio;144;106
Mind, Body, Spirit: Thought & Practice;144;106
Snowboarding;139;107
Literary Studies: Fiction, Novelists & Prose Writers;139;107
Natural History Books;139;107
Music;136;108
Evolution;134;109
Political Science & Theory;132;110
Baseball;131;111
Classical History / Classical Civilisation;128;112
Asian History;127;113
Horror;126;114
Examinations & Assessment;126;114
Western Philosophy, From C 1900 -;125;115
Modern History To 20th Century: C 1700 To C 1900;125;115
Jewish Books;124;116
Philosophy: Metaphysics & Ontology;121;117
Teaching Of Students With English As A Second Language (TESOL);120;118
Biography: Sport;117;119
American Football;117;119
Medieval History;116;120
Biography: Historical, Political & Military;116;120
Philosophy Of Language;114;121
History Of Western Philosophy;114;121
Advice On Careers & Achieving Success;109;122
Islamic Story & History Books;109;122
Family & Relationships;109;122
Art Books;108;123
Biography: Science, Technology & Engineering;108;123
Shakespeare Studies & Criticism;107;124
Journalistic Style Guides;106;125
Musicals;106;125
Social & Political Philosophy;105;126
Fortune-telling & Divination;105;126
Biography: Literary;103;127
Cognition & Cognitive Psychology;102;128
Phonetics, Phonology;101;129
Early Modern History: C 1450/1500 To C 1700;99;130
Regional Studies;98;131
Middle Eastern History;98;131
Literary Studies: Poetry & Poets;97;132
Roman Catholicism, Roman Catholic Church;97;132
Adult Education, Continuous Learning;96;133
Ethnic Studies;96;133
History Of Engineering & Technology;95;134
Mathematics;95;134
Adult Literacy Guides & Handbooks;92;135
Literary Studies: C 1500 To C 1800;92;135
20th Century History: C 1900  To C 2000;92;135
Photographs: Collections;91;136
Dictionaries & Dictionary Books;90;137
Military History;90;137
Religious Groups: Social & Cultural Aspects;90;137
Graphic Novels, Anime & Manga;90;137
Literary Theory;89;138
Multicultural Education;88;139
Travel Writing;88;139
Anthropology;88;139
Theatre Direction & Production;88;139
Reportage & Collected Journalism;87;140
Open Learning, Home Learning, Distance Education;86;141
Geography Books;85;142
Biography: Religious & Spiritual;83;143
Media, Information & Communication Industries;83;143
Basketball;83;143
Techniques Of Music / Music Tutorials;82;144
Tips & Advice;78;145
Wildlife: General Interest;77;146
Road Atlases;76;147
Black & Asian Studies;76;147
Students & Student Organisations;76;147
Popular Psychology;76;147
Rock & Pop Music;76;147
TV & Society;75;148
Economics;74;149
Gender Studies, Gender Groups;74;149
Classic Books & Novels;73;150
Philosophy: Epistemology & Theory Of Knowledge;72;151
Astrophysics;72;151
Trees, Wildflowers & Plants;71;152
Self-sufficiency;71;152
Scientific Equipment, Experiments & Techniques;70;153
Assertiveness, Motivation & Self-esteem;70;153
Business & Management;70;153
Diaries, Letters & Journals;69;154
Literary Studies: C 1800 To C 1900;69;154
Art History;69;154
International Relations;69;154
Christian Ministry & Pastoral Activity;69;154
Technology: General Issues;68;155
Film: Styles & Genres;68;155
Rollerblading, Skateboarding, Etc;68;155
Conservation Of The Environment;67;156
Early History: C 500 To C 1450/1500;67;156
Local History;67;156
Inclusive Education / Mainstreaming;66;157
Christian Social Thought & Activity;66;157
Autobiography: General;66;157
Neurosciences;65;158
Cosmology & The Universe;65;158
Musical Scores, Lyrics & Libretti;64;159
Graphic Novels: History & Criticism;64;159
Writing & Editing Guides;63;160
History Of Medicine;63;160
Western Philosophy: Medieval & Renaissance, C 500 To C 1600;63;160
Popular Medicine & Health;62;161
Spirit Guides, Angels & Channelling;62;161
Music Reviews & Criticism;62;161
Western Philosophy: Ancient, To C 500;62;161
Fantasy;61;162
Fantasy Books;61;162
Dogs As Pets;61;162
Teachers' Classroom Resources & Material;60;163
Radio & Television Industry;60;163
Environmental Science, Engineering & Technology;59;164
Philosophy Of Mind;59;164
Computing: General;59;164
Historical Geography;58;165
Oriental & Indian Philosophy;58;165
Astral Projection & Out-of-body Experiences;57;166
History Of Ideas;57;166
Short Story Books;56;167
Sciences;56;167
Buddhist Books;56;167
Cycling;55;168
Church History;54;169
Art History: From c 1960;54;169
Street Maps & City Plans;53;170
Archaeology;53;170
Islamic Studies;53;170
Economic History;52;171
Wildlife: Mammals;52;171
Literacy;52;171
Christian Spirituality & Religious Experience;52;171
Central Government Policies;52;171
Television Technology;52;171
Christian Churches & Denominations;51;172
Jewish Studies;51;172
Sociology & Anthropology;50;173
Zoology & Animal Sciences;50;173
Monsters & Legendary Beings;50;173
English Language: Reading & Writing Skills;50;173
Walking, Hiking, Trekking;50;173
Gardening Books;49;174
Bibles;49;174
Witchcraft & Wicca;49;174
Education: Care & Counselling Of Students;48;175
School/community Relations & School/home Relations;48;175
Individual Composers & Musicians, Specific Bands & Groups;48;175
Jurisprudence;48;175
Quantum Physics (quantum Mechanics & Quantum Field Theory);48;175
Individual Film Directors, Film-makers;48;175
Screenwriting Techniques;48;175
Religious Ethics;48;175
Electronic Music;48;175
Volleyball;47;176
Earth Sciences;47;176
Geology & The Lithosphere;47;176
Business Studies: General;47;176
Probability & Statistics;47;176
Applied Mathematics;47;176
Crafts & Hobbies;47;176
Feminism & Feminist Theory;47;176
Wildlife: Birds & Birdwatching;47;176
Animated Films;46;177
Magic, Spells & Alchemy;46;177
Management & Management Techniques;46;177
Artificial Intelligence;46;177
Philosophy: Logic;46;177
Social Research & Statistics;46;177
Medicine;46;177
Social, Group Or Collective Psychology;46;177
Historical Maps & Atlases;45;178
History: Specific Events & Topics;45;178
True Crime Books;45;178
True Crime Biographies;45;178
Nature & Existence Of God;45;178
General Cookery;45;178
Complementary Therapies, Healing & Health;44;179
Religious Intolerance, Persecution & Conflict;44;179
Teaching Of Students With Specific Learning Difficulties / Needs;44;179
Careers Guidance;44;179
Computer Science;44;179
Health Books;44;179
Sociolinguistics;44;179
Human Biology;43;180
Biblical Commentaries;43;180
Earth: Natural History General;43;180
Press & Journalism;43;180
Fishing, Angling;43;180
Christian Mission & Evangelism;43;180
Animals & Society;42;181
Genetics (non-medical);42;181
Political Structure & Processes;42;181
Maths For Scientists;42;181
Schools;42;181
Sustainability;42;181
Chemistry Books;42;181
Internet Guides & Online Services;41;182
Wildlife: Butterflies, Other Insects & Spiders;41;182
Library & Information Sciences;41;182
Mysticism;41;182
Performance Art;41;182
Popular Astronomy & Space;40;183
Crime & Criminology;40;183
Engineering: General;40;183
People & Places;40;183
Film Guides & Reviews;40;183
Industrial Or Vocational Training;40;183
Personal Christian Testimony & Popular Inspirational Works;40;183
Peace Studies & Conflict Resolution;40;183
Television Production: Technical & Background Skills;40;183
Information Technology Industries;39;184
Celebrity Biographies & Books;39;184
Motor Cars;39;184
Electronic & Video Art;39;184
Non-Fiction;39;184
Research Methods: General;38;185
Christian Instruction;38;185
Antiques & Collectables;38;185
Popular Beliefs & Controversial Knowledge;38;185
Oceanography (seas);38;185
Theatre: Technical & Background Skills;38;185
Communications Engineering / Telecommunications;38;185
Advice On Parenting;37;186
Psycholinguistics;37;186
Football (Soccer, Association Football);37;186
Ecological Science, The Biosphere;37;186
Christian Worship, Rites & Ceremonies;37;186
Space Science;37;186
Interdisciplinary Studies;36;187
Moral & Social Purpose Of Education;36;187
Children's Sports Books;36;187
Psychology: Emotions;36;187
Terrorism, Armed Struggle;36;187
Political Economy;36;187
Relativity Physics;35;188
Outdoor Survival Skills;35;188
Ethical & Social Aspects Of Computing;35;188
Bibliographies, Catalogues, Discographies;35;188
Interfaith Relations;35;188
English Language;35;188
Ancient Religions & Mythologies;34;189
Religious Fundamentalism;34;189
Child & Developmental Psychology;34;189
Judaism: Theology;34;189
Clairvoyance & Precognition;34;189
Violence In Society;34;189
Autobiography: Sport;34;189
Philosophy: Aesthetics;34;189
Track & Field Sports, Athletics;33;190
Botany & Plant Sciences;33;190
Eclectic & Esoteric Religions & Belief Systems;33;190
Olympic Games;33;190
Mathematical Physics;33;190
Poetry Books;33;190
Neurology & Clinical Neurophysiology;33;190
Gardening: Flowers;33;190
Music: Styles & Genres;32;191
Numeracy Strategies;32;191
World War 2 Books;32;191
Lexicography;32;191
African History;32;191
Reincarnation & Past Lives;32;191
Management Of Land & Natural Resources;32;191
Photography;32;191
Teaching Of Students With Emotional & Behavioural Difficulties;32;191
Development Economics;32;191
Training & Coaching;32;191
Film Production: Technical & Background Skills;32;191
Applied Ecology;31;192
Wildlife: Reptiles & Amphibians;31;192
Wildlife: Aquatic Creatures;31;192
Religious Issues & Debates;31;192
Travel & Holiday Guides;31;192
Places & Peoples: Pictorial Works;31;192
Language Teaching Theory & Methods;31;192
Mathematics & Numeracy;31;192
Early Church;31;192
Protestantism & Protestant Churches;30;193
Aerospace & Aviation Technology;30;193
Literary Reference Works;30;193
Nuclear Structure Physics;30;193
Indigenous Peoples;30;193
History Of Mathematics;30;193
Sociology: Customs & Traditions;30;193
Other Non-Christian Religions;30;193
Children's Foreign Language Books;30;193
Theatre: Individual Actors & Directors;30;193
Yearbooks, Annuals, Almanacs;29;194
Human Geography;29;194
Domestic Animals & Pets;29;194
Theory Of Music & Musicology;28;195
ELT: Teaching Theory & Methods;28;195
Urban Communities;28;195
Dreams & Their Interpretation;28;195
Horses & Ponies;28;195
Gay Studies (Gay Men);28;195
Spiritualism;28;195
Writing Systems, Alphabets;28;195
Coping With Death & Bereavement;28;195
Child Care & Upbringing;28;195
Conservation Of Wildlife & Habitats;28;195
Geographical Discovery & Exploration;28;195
Adventure Books;28;195
Geographical Maps (specialist);27;196
Social Discrimination;27;196
Religious Instruction;27;196
Life Sciences: General Issues;27;196
Citizenship & Social Education;27;196
Motor Sports;27;196
Non-Western Philosophy;27;196
Individual Artists, Art Monographs;27;196
Medical Ethics & Professional Conduct;26;197
Physiological & Neuro-psychology, Biopsychology;26;197
Cartography, Map-making & Projections;26;197
Biblical Exegesis & Hermeneutics;26;197
Literacy Strategies;26;197
Children's Literature Studies: General;25;198
Public Speaking Guides;25;198
Food & Drink;25;198
Social Groups;25;198
Boating;25;198
Historiography;25;198
Phenomenology & Existentialism;25;198
Business Applications;25;198
Translation & Interpretation;25;198
Religious Institutions & Organizations;25;198
Funding Of Education & Student Finance;24;199
General Encyclopaedias;24;199
Hindu Books;24;199
Political Control & Freedoms;24;199
Exercise & Workout Books;24;199
Language: History & General Works;24;199
Opera;24;199
Teacher Assessment;24;199
Dating, Relationships, Living Together & Marriage;24;199
Language Acquisition;24;199
Alcoholic Beverages;24;199
Cartoons & Comic Strips;23;200
Theosophy & Anthroposophy;23;200
Parapsychological Studies;23;200
Sculpture;23;200
Camping & Woodcraft;23;200
Geophysics;23;200
Social Forecasting, Future Studies;23;200
Australasian & Pacific History;23;200
Electronics Engineering;23;200
Hockey;23;200
Sociology: Family & Relationships;23;200
Environment;23;200
Combat Sports & Self-defence;22;201
Global Warming;22;201
Electricity, Electromagnetism & Magnetism;22;201
Poetry & Drama;22;201
Economic Theory & Philosophy;22;201
Teaching Of Gifted Students;22;201
Art Theory;22;201
Rap & Hip-Hop;22;201
Biotechnology;22;201
Judaism: Sacred Texts;22;201
Palaeontology;22;201
Television & Film;22;201
Western Philosophy: C 1600 To C 1900;22;201
Psychotherapy;22;201
Age Groups: Children;21;202
Canoeing & Kayaking;21;202
Atomic & Molecular Physics;21;202
Industry & Industrial Studies;21;202
Gardening: Plants;21;202
Anatomy;21;202
Limnology (freshwater);21;202
Migration, Immigration & Emigration;21;202
Language Learning: Specific Skills;21;202
Public Health & Preventive Medicine;21;202
Cats As Pets;21;202
Gay & Lesbian Studies;21;202
Choreography;20;203
Sacred & Religious Music;20;203
Graphic Novels: Superheroes;20;203
Space Opera;20;203
Microbiology (non-medical);20;203
Meteorology & Climatology;20;203
Computational Linguistics;20;203
Time (chronology), Time Systems & Standards;20;203
Biochemistry;20;203
Reading Skills;20;203
Business Strategy;20;203
Mysteries & The Supernatural (Children's/YA);20;203
Sailing;20;203
Astronautics;20;203
Orthodox & Oriental Churches;20;203
Ballroom Dancing;20;203
Cybernetics & Systems Theory;19;204
21st Century History: From C 2000 -;19;204
Cruises;19;204
Poetry Anthologies (various Poets);19;204
Myth & Legend Told As Fiction;19;204
Freshwater Life;19;204
Solar System: The Sun & Planets;19;204
Management: Leadership & Motivation;19;204
Inventions & Inventors;19;204
Self, Ego, Identity, Personality;19;204
Equestrian & Animal Sports;19;204
ELT Graded Readers;19;204
Political Structures: Democracy;19;204
Constitution: Government & The State;19;204
Science & Geography;19;204
Racket Games;19;204
Marxism & Communism;18;205
Anglican & Episcopalian Churches, Church Of England;18;205
Health Systems & Services;18;205
Romance;18;205
Writing Skills;18;205
Electrical Engineering;18;205
Romance Books;18;205
Aircraft;18;205
Algebra;18;205
Landscape Gardening;18;205
Graphic Novels: True Stories & Non-fiction;18;205
Entrepreneurship;18;205
Business Communication & Presentation;18;205
Bible Readings, Selections & Meditations;18;205
Ships & Shipping;18;205
National & Regional Cuisine;18;205
Caravan & Camp-site Guides;18;205
Industrial / Commercial Art & Design;18;205
Universities;18;205
Dictionaries Of Quotations;18;205
Biography: Business & Industry;18;205
Non-graphic Art Forms;18;205
Television Soap Operas;18;205
Molecular Biology;18;205
Sociology: Death & Dying;18;205
Abnormal Psychology;17;206
Political Ideologies;17;206
Contemporary Non-Christian & Para-Christian Cults & Sects;17;206
Antiques & Collectables: Books, Manuscripts, Ephemera & Printed Matter;17;206
Fencing;17;206
Robotics;17;206
Horse Racing;17;206
Mechanical Engineering;17;206
Christian Aspects Of Sexuality, Gender & Relationships;17;206
American Civil War;17;206
Rabbits & Rodents As Pets;17;206
Ethnic Minorities & Multicultural Studies;17;206
Physical Anthropology & Ethnography;17;206
Ethical Issues: Scientific & Technological Developments;17;206
Sales & Marketing;17;206
Microscopy;16;207
Beers;16;207
Conservatism & Right-of-centre Democratic Ideologies;16;207
Tibetan Buddhism;16;207
Blasphemy, Heresy, Apostasy;16;207
Human Rights;16;207
Bio-ethics;16;207
Genealogy, Heraldry, Names & Honours;16;207
Islamic Theology;16;207
Sex & Sexuality, Sex Manuals;16;207
Pharmacology;16;207
Nonfiction History Books for Kids;16;207
Variety Shows, Music Hall, Cabaret;16;207
Musical Instruments & Instrumental Ensembles;16;207
Holocaust;16;207
Human-computer Interaction;16;207
Comic Book & Cartoon Art;16;207
Psychoanalytical Theory (Freudian Psychology);16;207
Cinematography, Television Camerawork;15;208
Air Sports & Recreations;15;208
Graphical & Digital Media Applications;15;208
Atlases;15;208
Christian Counselling;15;208
Art Techniques & Principles;15;208
Fashion & Textiles: Design;15;208
Koran;15;208
Alternative Belief Systems;15;208
Civil Rights & Citizenship;15;208
Bilingual & Multilingual Dictionaries;15;208
Personal Finance;15;208
Comparative Politics;15;208
Classical Mechanics;15;208
Aspects Of Religion (non-Christian);15;208
Crime Fiction;15;208
Particle & High-energy Physics;15;208
Crime;15;208
Ecumenism;15;208
Business Ethics;15;208
Architecture;15;208
Hobby and Gaming Books;15;208
Art & Photography;15;208
Political Activism;14;209
Humour Collections & Anthologies;14;209
Warfare & Defence;14;209
Audio Processing;14;209
Western Classical Music;14;209
Autobiography: Literary;14;209
Colonialism & Imperialism;14;209
Poverty  & Unemployment;14;209
Physiology;14;209
Bilingualism & Multilingualism;14;209
Climbing & Mountaineering;14;209
Christian Sermons;14;209
World War 1 Books;14;209
Thriller Books;14;209
Environmentalist Thought & Ideology;14;209
Thrillers;14;209
Cellular Biology (cytology);14;209
DIY: General;14;209
Historical Fiction;14;209
Mathematical Foundations;14;209
Art Finance;14;209
Natural Language & Machine Translation;13;210
Organic Chemistry;13;210
Globalization;13;210
Museums & Museology;13;210
Place Names & Gazetteers;13;210
Clinical Psychology;13;210
Drama;13;210
Light (optics);13;210
Zen Buddhism;13;210
Classic Travel Writing;13;210
Speaking / Pronunciation Skills;13;210
Christian Leaders & Leadership;13;210
Other Nonconformist & Evangelical Churches;13;210
Psychiatry;13;210
Industrial Applications Of Scientific Research & Technological Innovation;13;210
Exhibition Catalogues & Specific Collections;13;210
Bible Studies: For Individual Or Small Group Study;13;210
History Books for Kids;13;210
Coping With Illness;13;210
Fishes & Aquaria;13;210
Materials Science;13;210
Psychological Theory & Schools Of Thought;13;210
Rocks, Minerals & Fossils;13;210
Tribal Religions;13;210
Chakras, Auras & Spiritual Energy;13;210
Cricket;13;210
Directories;13;210
Maths For Engineers;13;210
History: Earliest Times To Present Day;12;211
Postwar 20th Century History, From C 1945 To C 2000;12;211
Occult Studies;12;211
Military Engineering;12;211
Popular Philosophy;12;211
Advice On Education;12;211
Endangered Species & Extinction Of Species;12;211
Personnel & Human Resources Management;12;211
Library & Information Services;12;211
Old Testaments;12;211
Nationalism;12;211
Social Issues & Processes;12;211
Deconstructionism, Structuralism, Post-structuralism;12;211
Hispanic & Latino Studies;12;211
Sexual Behaviour;12;211
Teaching Of Physically Disabled Students;12;211
Children's Fiction;12;211
Conspiracy Theories;12;211
Epidemiology & Medical Statistics;12;211
Ballet;12;211
Philosophy Of Mathematics;12;211
Bullying & Anti-bullying Strategies;12;211
Prayer;12;211
Entertainment & Media Law;12;211
Criminal Law & Procedure;12;211
Agriculture & Farming;12;211
Taoism;12;211
Developmental Biology;12;211
Psychological Methodology;12;211
Pentecostal Churches;12;211
Dictionaries & Languages;12;211
Activity Books;12;211
Lacrosse;11;212
Programming & Scripting Languages: General;11;212
Natural Disasters;11;212
Gnosticism;11;212
General Study Books;11;212
Industrial Chemistry;11;212
Technical Writing;11;212
Hunting Or Shooting Animals & Game;11;212
Religious & Spiritual Leaders;11;212
Fiction Books;11;212
Service Industries;11;212
Islamic & Arabic Philosophy;11;212
History: Theory & Methods;11;212
Medical Genetics;11;212
Diseases & Disorders;11;212
Science Funding & Policy;11;212
Publishing Industry;11;212
Physical Chemistry;11;212
Art History: c 1900 -;11;212
Sport & Leisure Industries;11;212
Disability: Social Aspects;11;212
Legal History;11;212
Sufism & Islamic Mysticism;11;212
Cookery Dishes & Courses;11;212
Judaism: Worship, Rites & Ceremonies;11;212
Judaism: Mysticism;11;212
Freemasonry & Secret Societies;11;212
Illness & Addiction: Social Aspects;11;212
Political Leaders & Leadership;11;212
Infectious & Contagious Diseases;10;213
International Economics;10;213
Graphic Novels: Literary & Memoirs;10;213
Industrial Chemistry & Manufacturing Technologies;10;213
Puppetry, Miniature & Toy Theatre;10;213
Population & Demography;10;213
Historical Romance;10;213
Historical Jesus;10;213
Light Orchestral & Big Band Music;10;213
Literary Companions;10;213
Public Administration;10;213
Mental Health Services;10;213
Parodies & Spoofs;10;213
Diets & Dieting;10;213
Shamanism, Paganism & Druidry;10;213
Technical Design;10;213
Digital TV & Media Centres: Consumer/user Guides;10;213
Archery;10;213
Fantasy Books for Kids;10;213
Astrology;10;213
Central Government;10;213
Social Welfare & Social Services;10;213
Autobiography: Historical, Political & Military;10;213
Science;10;213
Medical Research;10;213
Behavioural Theory (Behaviourism);10;213
Beverages;10;213
Transportation Books;10;213
Constitutional & Administrative Law;10;213
Economic Systems & Structures;10;213
Slavery & Abolition Of Slavery;10;213
Wave Mechanics (vibration & Acoustics);10;213
New Testaments;10;213
Folk Dancing;10;213
Food & Beverage Technology;10;213
Music Recording & Reproduction;10;213
Religious Subjects Depicted In Art;10;213
Dictionaries Of Biography (Who's Who);10;213
Worship, Rites & Ceremonies;10;213
Development Studies;10;213
Society & Social Sciences;10;213
Physical Geography & Topography;10;213
Children's Geography Books;9;214
Computer Programming / Software Development;9;214
Political Parties;9;214
Cosmetics, Hair & Beauty;9;214
Coping With Personal Problems;9;214
Budgeting & Financial Management;9;214
Sub-aqua Swimming;9;214
Social Classes;9;214
Sociology: Sport & Leisure;9;214
E-commerce: Business Aspects;9;214
Swimming & Diving;9;214
Natural History Books for Children;9;214
Christian Sacraments;9;214
Social Theory;9;214
Dialect, Slang & Jargon;9;214
Digital Lifestyle;9;214
Study & Revision Guides;9;214
Biophysics;9;214
Automatic Control Engineering;9;214
Religious & Theocratic Ideologies;9;214
Food & Society;9;214
Production & Quality Control Management;9;214
Birds, Including Cage Birds, As Pets;9;214
Police & Security Services;9;214
Battles & Campaigns;9;214
Acoustic & Sound Engineering;9;214
Geographical Reference;9;214
Radio Technology;9;214
Environmentally-friendly Architecture & Design;9;214
Mathematical Logic;9;214
True Story Books;9;214
Oncology;9;214
Jurisprudence & Philosophy Of Law;9;214
Oriental Art;8;215
Inorganic Chemistry;8;215
Computer Networking & Communications;8;215
Knowledge Management;8;215
Agnosticism & Atheism;8;215
Labour Economics;8;215
Zoology: Mammals;8;215
Age Groups: The Elderly;8;215
Animal Husbandry;8;215
Paintings;8;215
Organizational Theory & Behaviour;8;215
Jokes & Riddles;8;215
Insects (entomology);8;215
Jazz;8;215
Water Sports & Recreations;8;215
Technology;8;215
Cakes, Baking, Icing & Sugarcraft;8;215
Needlework & Fabric Crafts;8;215
Automotive Technology & Trades;8;215
Professional Interior Design;8;215
Conjuring & Magic;8;215
Other Technologies & Applied Sciences;8;215
Gravity;8;215
Lettering & Calligraphy;8;215
Political Corruption;8;215
Management Accounting & Bookkeeping;8;215
Research & Development Management;8;215
Marine Biology;8;215
Revolutions, Uprisings, Rebellions;8;215
Market Research;8;215
Sci Fi Books for Kids;8;215
Environment, Transport & Planning Law;8;215
Economic Statistics;8;215
Econometrics;8;215
Drawing;8;215
Documentary Films;8;215
Memory Improvement & Thinking Techniques;8;215
Magic, Alchemy & Hermetic Thought;8;215
Coping With Drug & Alcohol Abuse;8;215
Graphic Novels: Manga;8;215
Contemporary Dance;8;215
Cookery By Ingredient;8;215
Microeconomics;8;215
Geopolitics;8;215
Religious Communities & Monasticism;7;216
Photographic Reportage;7;216
Autobiography: Science, Technology & Engineering;7;216
Satanism & Demonology;7;216
Extreme Sports;7;216
Mathematical & Statistical Software;7;216
Numerology;7;216
Art & Design;7;216
Gardening: Growing Fruit & Vegetables;7;216
Immunology;7;216
Religious & Spiritual Fiction;7;216
Video Photography;7;216
Painting & Art Manuals;7;216
Parties, Etiquette & Entertaining;7;216
Antiques & Collectables: Pictures, Prints & Maps;7;216
Animals & Nature In Art (still Life, Landscapes & Seascapes, Etc);7;216
Management Decision Making;7;216
Illustration & Commercial Art;7;216
Fishes (ichthyology);7;216
Illustration;7;216
Animal Behaviour;7;216
Forensic Medicine;7;216
International Law;7;216
International Business;7;216
English Language: Reading Schemes;7;216
Advertising;7;216
Children's Hobby & Gaming Books;7;216
Teams & Clubs;7;216
Circuits & Components;7;216
Differential Calculus & Equations;7;216
Musical Story & Educational Books For Kids;7;216
Social Work;7;216
Gender Studies: Men;7;216
Calvinist, Reformed & Presbyterian Churches;7;216
Calculus & Mathematical Analysis;7;216
Taxonomy & Systematics;7;216
Navigation & Seamanship;7;216
Sign Languages, Braille & Other Linguistic Communication;7;216
Wrestling;7;216
Sexual Abuse & Harassment;7;216
Complementary Medicine;7;216
Medical Equipment & Techniques;7;216
Elections & Referenda;7;216
Primates;7;216
Biogeography;7;216
Self-Esteem;7;216
Energy Technology & Engineering;7;216
Reiki;7;216
Graphic Novels;7;216
Macroeconomics;6;217
PSHE;6;217
Mineralogy & Gems;6;217
Maintenance & Repair;6;217
Language Phrasebooks;6;217
Penology & Punishment;6;217
Nuclear Weapons;6;217
Poetry Books for Kids;6;217
Non-Christian Religions;6;217
Medical Laboratory Testing & Techniques;6;217
Library, Archive & Information Management;6;217
Nanotechnology;6;217
Mensuration & Systems Of Measurement;6;217
Lesbian Studies;6;217
Photographic Equipment & Techniques;6;217
Political & Legal;6;217
Environmental Economics;6;217
Keyboard Instruments;6;217
Reference Books;6;217
Geometry;6;217
Geographical Information Systems (GIS) & Remote Sensing;6;217
Genetic Engineering;6;217
Religious Buildings;6;217
Religious Social & Pastoral Thought & Activity;6;217
Research & Information: General;6;217
Finance;6;217
Retail Sector;6;217
Road & Motor Vehicles;6;217
Faith (religious) Schools;6;217
Romantic Music (c 1830 To C 1900);6;217
Art Treatments & Subjects;6;217
Cold War;6;217
Espionage;6;217
Erotic Fiction;6;217
Semiotics / Semiology;6;217
Social Impact Of Environmental Issues;6;217
Time Management;6;217
Buddhist Sacred Texts;6;217
Dinosaurs & The Prehistoric World;6;217
Textile Design & Theory;6;217
Celebrity Chefs;6;217
Islamic Worship, Rites & Ceremonies;6;217
Sports Stories;6;217
Coping With Disability;6;217
Christian Communities & Monasticism;6;217
Confucianism;6;217
Christian Mysticism;6;217
Civil Engineering, Surveying & Building;6;217
Regional Geography;6;217
Schools & Museums;6;217
Tarot;6;217
Product Design;6;217
Age Groups: Adolescents;6;217
Hotel & Holiday Accommodation Guides;6;217
Weather;6;217
Horror & Ghost;6;217
Humanist & Secular Alternatives To Religion;6;217
Astronomical Observation: Observatories, Equipment & Methods;5;218
Psychological Testing & Measurement;5;218
Sports Psychology;5;218
Prehistoric Archaeology;5;218
Coping With Stress;5;218
Hindu Sacred Texts;5;218
Industrial Relations;5;218
Learning;5;218
Ethical Issues & Debates;5;218
Trains & Railways;5;218
Biodiversity;5;218
Pharmaceutical Industries;5;218
Nuclear Power & Engineering;5;218
Medical;5;218
Electronics & Communications Engineering;5;218
Image Processing;5;218
Coping With Old Age;5;218
Sports Injuries & Medicine;5;218
Mining Technology & Engineering;5;218
Courts & Procedure;5;218
National Liberation & Independence, Post-colonialism;5;218
Afghan War;5;218
Sociology: Work & Labour;5;218
Decision Theory: General;5;218
Society & Social Issues;5;218
Theatre Management;5;218
Intergenerational Relationships;5;218
Countryside, Country Life;5;218
Tourism Industry;5;218
Discrete Mathematics;5;218
Distributive Industries;5;218
Dog Obedience & Training;5;218
Pharmacy / Dispensing;5;218
Laser Technology & Holography;5;218
Pollution & Threats To The Environment;5;218
Counselling & Advice Services;5;218
Special Kinds Of Photography;5;218
Consumerism;5;218
Mathematical Modelling;5;218
Religious Studies;5;218
Games Strategy Guides;5;218
General Reference;5;218
Genocide & Ethnic Cleansing;5;218
History Of Architecture;5;218
Museum, Historic Sites, Gallery & Art Guides;5;218
Historical Geology;5;218
Archaeology By Period / Region;5;218
Vietnam War;5;218
Graphic Design;5;218
Pathology;5;218
Greyhound Racing;5;218
Cognitivism, Cognitive Theory;5;218
Animal Physiology;5;218
Target Shooting;5;218
Ophthalmology;5;218
Galaxies & Stars;5;218
Urban & Municipal Planning;5;218
Styles: Conceptual Art;5;218
Revolutionary Groups & Movements;5;218
Agriculture & Related Industries;5;218
Fascism & Nazism;5;218
Material Culture;5;218
Fashion & Style Guides;5;218
Public Buildings: Civic, Commercial, Industrial, Etc;5;218
Condensed Matter Physics (liquid State & Solid State Physics);5;218
Charities, Voluntary Services & Philanthropy;5;218
Sustainable Agriculture;5;218
Restaurant, Cafe & Pub Guides;5;218
Classical Greek & Roman Archaeology;4;219
Pageants, Parades, Festivals;4;219
Cinema Industry;4;219
Advertising Industry;4;219
Teenagers: Advice For Parents;4;219
Paediatric Medicine;4;219
Christian & Quasi-Christian Cults & Sects;4;219
Christian Liturgy, Prayerbooks & Hymnals;4;219
Accounting;4;219
Classic Horror;4;219
Children's Reference Books;4;219
Teaching Of Dyslexic Students;4;219
Adult & Contemporary Romance;4;219
Children's General Story Books;4;219
Circus;4;219
Animal Stories;4;219
Chaos Theory;4;219
Art History: Byzantine & Medieval c 500 CE to c 1400;4;219
Art History: Renaissance;4;219
Occupational & Industrial Psychology;4;219
Percussion Instruments;4;219
Wines;4;219
Palaeography (history Of Writing);4;219
Art History: Pre-History;4;219
Art History: Ancient & Classical BCE to c 500 CE;4;219
Tennis;4;219
Office & Workplace;4;219
Analytical & Jungian Psychology;4;219
User Interface Design & Usability;4;219
Vegetarian Cookery;4;219
Applied Optics;4;219
Applied Linguistics For ELT;4;219
UFOs & Extraterrestrial Beings (Children's/YA);4;219
Nursing;4;219
Women's Health;4;219
Number Theory;4;219
Number Systems;4;219
Baptist Churches;4;219
Baroque Music (c 1600 To C 1750);4;219
Biochemical Engineering;4;219
Biology;4;219
Non-alcoholic Beverages;4;219
Traditional;4;219
Birds (ornithology);4;219
Book & Paper Crafts;4;219
Buddhist Worship, Rites & Ceremonies;4;219
Business Mathematics & Systems;4;219
Work;4;219
Theoretical & Mathematical Astronomy;4;219
Non-teaching & Support Staff;4;219
Criticism & Exegesis Of Sacred Texts;4;219
Music Industry;4;219
Education;4;219
Literary Studies: Post-colonial Literature;4;219
Gardening: Shrubs & Trees;4;219
Freedom Of Information & Freedom Of Speech;4;219
Folk Art;4;219
Reproductive Medicine;4;219
Reptiles & Amphibians As Pets;4;219
Manufacturing Industries;4;219
Maritime History;4;219
Extra-curricular Activities;4;219
Sacred Texts;4;219
Safety In The Home;4;219
Espionage & Secret Services;4;219
Scientific Standards;4;219
Colleges Of Higher Education;4;219
Egyptian Archaeology / Egyptology;4;219
Semi-conductors & Super-conductors;4;219
Medical Anthropology;4;219
Geological Surface Processes (geomorphology);4;219
Golf;4;219
Graphic Art;4;219
Psychology Of Ageing;4;219
Language Learning: Audio-visual & Multimedia;4;219
Islamic Life & Practice;4;219
Pottery, Ceramics & Glass Crafts;4;219
Prayers & Liturgical Material;4;219
Language Self-study Texts;4;219
Prints;4;219
Industrial Relations & Safety;4;219
Public Relations;4;219
Guitar;4;219
Horticulture;4;219
Punk, New Wave & Indie;4;219
Quakers (Religious Society Of Friends);4;219
Historical Crime;4;219
Heavy Metal Music;4;219
Political Geography;4;219
Regional & National History;4;219
Medical Charts, Colour Atlases;4;219
Energy Industries & Utilities;4;219
Serials, Periodicals, Abstracts, Indexes;4;219
Crusades;4;219
Desserts;4;219
Songbooks;4;219
Economic Forecasting;4;219
Methodist Churches;4;219
Data Analysis: General;4;219
DNA & Genome;4;219
Speech & Language Disorders & Therapy;4;219
Country & Western Music;4;219
Diplomacy;4;219
Mime;4;219
Squash & Rackets;4;219
Street Theatre;4;219
Computer Architecture & Logic Design;4;219
Systems Analysis & Design;4;219
Motorcycles;4;219
Combinatorics & Graph Theory;4;219
Dietetics & Nutrition;4;219
20th Century & Contemporary Classical Music;4;219
Medical Microbiology & Virology;4;219
ELT Background & Reference Material;4;219
Medical Toxicology;4;219
Small Businesses & Self-employed;4;219
Domestic Trade;4;219
Social Interaction;4;219
Social Impact Of Disasters;4;219
Medical Imaging;4;219
ELT Examination Practice Tests;4;219
Political Oppression & Persecution;3;220
Surfing, Windsurfing, Water Skiing;3;220
Surgery;3;220
Propaganda;3;220
Socialism & Left-of-centre Democratic Ideologies;3;220
Witchcraft;3;220
TV Tie-in Humour;3;220
Transport Industries;3;220
Zoology: Invertebrates;3;220
Systems Of Law;3;220
True Stories Of Heroism, Endurance & Survival;3;220
Scientific Nomenclature & Classification;3;220
Thesauri;3;220
Toys: Making & Decorating;3;220
Personal & Public Health;3;220
WAP (wireless) Technology;3;220
Volcanology & Seismology;3;220
Patents Law;3;220
Political Campaigning & Advertising;3;220
Terminal Care Nursing;3;220
Testing Of Materials;3;220
Picture & Activity Books;3;220
Rehabilitation;3;220
Zoroastrianism;3;220
Groups & Group Theory;3;220
ELT: English For Business;3;220
Law & Society;3;220
Disability;3;220
Calculus;3;220
Health & Wholefood Cookery;3;220
Business Studies;3;220
Linear Programming;3;220
Business Innovation;3;220
Machine Learning;3;220
ELT Grammar & Vocabulary;3;220
Building Construction & Materials;3;220
Boxing;3;220
Medical Administration & Management;3;220
Hindu Worship, Rites & Ceremonies;3;220
Body Art & Tattooing;3;220
Gynaecology & Obstetrics;3;220
Gymnastics;3;220
Graphology;3;220
Early Learning;3;220
Biblical Archaeology;3;220
Bible Stories;3;220
Medical Study & Revision Guides & Reference Material;3;220
Graffiti & Street Art;3;220
Eco-tourist Guides;3;220
Memory;3;220
Care & Restoration Of Antiques;3;220
Language Readers;3;220
Art History: c 1800 to c 1900;3;220
Clinical & Internal Medicine;3;220
Individual Photographers;3;220
Hydrology & The Hydrosphere;3;220
Contract Law;3;220
Creative Therapy (eg Art, Music, Drama);3;220
Concert Halls, Arenas, Stadia;3;220
Insurance & Actuarial Studies;3;220
Integrated Software Packages;3;220
Computer-aided Design (CAD);3;220
Compilers;3;220
Household Hints;3;220
House Plants;3;220
Civil Service & Public Sector;3;220
Landscape Art & Architecture;3;220
Investment & Securities;3;220
Databases;3;220
Homelessness;3;220
Christian Prayerbooks;3;220
Children's Stationery;3;220
Children's Health Books;3;220
Children's Christian Books;3;220
Demonstrations & Protest Movements;3;220
Child Abuse;3;220
Dentistry;3;220
History Of Other Lands;3;220
Autobiography: Business & Industry;3;220
Coping With Eating Disorders;3;220
Organic Gardening;3;220
Narrowboats & Canals;3;220
Flower Arranging & Floral Crafts;3;220
Naval Forces & Warfare;3;220
Operational Research;3;220
English Literature;3;220
Non-Euclidean Geometry;3;220
Ethical Issues: Censorship;3;220
Functional Analysis & Transforms;3;220
Fashion & Beauty Industries;3;220
Animal Ecology;3;220
Nuclear Chemistry, Photochemistry & Radiation;3;220
Ancient Egyptian Religion & Mythology;3;220
Art Forms;3;220
Anarchism;3;220
Analytical Philosophy & Logical Positivism;3;220
Numerical Analysis;3;220
Ethical Issues: Pornography & Obscenity;3;220
Occupational / Industrial Health & Safety;3;220
Excel;3;220
Amphibians;3;220
Forensic Science;3;220
Oral History;3;220
Oriental Religions;3;220
Optimization;3;220
Military Tactics;3;220
Fashion Design & Theory;3;220
Architecture: Professional Practice;3;220
Gender Studies: Transsexuals & Hermaphroditism;3;220
Military Life & Institutions;3;220
Embroidery Crafts;3;220
Archaeological Methodology & Techniques;3;220
Advertising & Society;3;220
Education & The Law;3;220
Art;3;220
Mobile Phone Technology;3;220
Fire Protection & Safety;3;220
Applied Physics;3;220
Electronic Devices & Materials;3;220
Architectural Structure & Design;3;220
Feng Shui;2;221
Soil Science, Sedimentology;2;221
Family Law: Children;2;221
Corporate Governance & Responsibilities;2;221
Soil & Rock Mechanics;2;221
Spreadsheet Software;2;221
Spectrum Analysis, Spectrochemistry, Mass Spectrometry;2;221
Road Vehicle Manufacturing Industry;2;221
Data Capture & Analysis;2;221
Crimean War;2;221
Fashion & Society;2;221
Criminal Investigation & Detection;2;221
Soul & R 'n' B;2;221
DIY: House Maintenance Manuals;2;221
DIY: Carpentry & Woodworking;2;221
Crystallography;2;221
Economics Of Industrial Organisation;2;221
Desktop Publishing;2;221
Sociology: Sexual Relations;2;221
Romance Books for Teenagers;2;221
Separation & Divorce;2;221
Economic Growth;2;221
Economic Geography;2;221
Early Man;2;221
Educational Visits & Field Trips;2;221
Star Signs & Horoscopes;2;221
Shintoism;2;221
ELT: English For Specific Purposes;2;221
Sikhism;2;221
Employment & Unemployment;2;221
Smallholdings;2;221
Energy;2;221
Dynamics & Statics;2;221
Engineering Graphics & Technical Drawing;2;221
Drug & Substance Abuse: Social Aspects;2;221
Engineering Measurement & Calibration;2;221
Doctor/patient Relationship;2;221
Environmentalist, Conservationist & Green Organizations;2;221
Dinosaurs;2;221
Dictionaries for Kids;2;221
Expeditions;2;221
Experimental Psychology;2;221
Defence Strategy, Planning & Research;2;221
Death & Bereavement;2;221
Rural Communities;2;221
Otorhinolaryngology (ENT);2;221
City & Town Planning - Architectural Aspects;2;221
States Of Consciousness;2;221
Biomedical Engineering;2;221
War & Defence Operations;2;221
Antiques & Collectables: Gold & Silver (other Than Jewellery);2;221
Antiques & Collectables: Toys, Games & Models;2;221
Apiculture (beekeeping);2;221
Vintage Crime;2;221
Veterinary Medicine: Small Animals (pets);2;221
Veterinary Medicine;2;221
Arms Negotiation & Control;2;221
Art History: c 1600 to c 1800;2;221
Astronomical Charts & Atlases;2;221
Audiology & Otology;2;221
Bacteriology (non-medical);2;221
Baha'i;2;221
Travel With Children / Family Holidays;2;221
Banking;2;221
Biography;2;221
Biography: Royalty;2;221
War Crimes;2;221
Web Programming;2;221
Weddings, Wedding Planners;2;221
Air Forces & Warfare;2;221
ABC;2;221
Acquisitions & Collection Development;2;221
Active Outdoor Pursuits;2;221
Aerial Photography;2;221
Aerodynamics;2;221
Age Groups;2;221
Agronomy & Crop Production;2;221
Algebraic Geometry;2;221
Welding;2;221
Wind Instruments;2;221
Algorithms & Data Structures;2;221
Alternative & Renewable Energy Sources & Technology;2;221
Ambient & New Age Music;2;221
Anaesthetics;2;221
Wildlife;2;221
Welfare Economics;2;221
Traditional Medicine & Herbal Remedies;2;221
Trade Agreements;2;221
Cooking With Meat & Game;2;221
Biotechnology Industries;2;221
Teaching Of Autistic Students;2;221
Civil Procedure, Litigation & Dispute Resolution;2;221
Coding Theory & Cryptology;2;221
Taxation;2;221
Colleges Of Further Education;2;221
Table Tennis;2;221
Comparative Law;2;221
Complex Analysis, Complex Variables;2;221
Computer Hardware;2;221
Surveying;2;221
Surface Chemistry & Adsorption;2;221
Computing;2;221
Styles: Romanticism;2;221
Styles: Baroque;2;221
Consumer Advice;2;221
String Instruments;2;221
Sticker Books;2;221
Finance & Accounting;2;221
Christian Prayer;2;221
Choral Music;2;221
Theory Of Warfare & Military Science;2;221
Blues;2;221
Topology;2;221
Bowls, Bowling, Petanque;2;221
Buddhist Life & Practice;2;221
Business Competition;2;221
Thermodynamics & Heat;2;221
Therapy & Therapeutics;2;221
Business, Finance & Law;2;221
Technology & Engineering;2;221
Capital Markets & Securities Law & Regulation;2;221
Car Racing;2;221
Cardiovascular Medicine;2;221
Causes & Prevention Of Crime;2;221
Celtic Religion & Mythology;2;221
Ceramics: Artworks;2;221
Characters;2;221
Fiction In Translation;2;221
ELT: Writing Skills;2;221
Plant Ecology;2;221
Privacy & Data Protection;2;221
Microwave Technology;2;221
Humanistic Psychology;2;221
Legal Ethics & Professional Conduct;2;221
Non-Western Music: Traditional & Classical;2;221
Religion & Beliefs;2;221
Geochemistry;2;221
General Practice;2;221
General Knowledge;2;221
Genealogy;2;221
Project Management;2;221
Information Theory;2;221
Petroleum Technology;2;221
Institutions & Learned Societies: General;2;221
Gas Industries;2;221
Nuclear Issues;2;221
Garden Design & Planning;2;221
Laws Of Specific Jurisdictions;2;221
Information Retrieval;2;221
Industrialisation & Industrial History;2;221
Hydraulics & Pneumatics;2;221
IT & Computing;2;221
Individual Designers;2;221
Photographic;2;221
Medical & Healthcare Law;2;221
Refugees & Political Asylum;2;221
Imaging Systems & Technology;2;221
Monetary Economics;2;221
Mechanics Of Fluids;2;221
IT & Communications Law;2;221
Linux;2;221
Medical Profession;2;221
Napoleonic Wars;2;221
Management Of Specific Areas;2;221
Natural & Wild Gardening;2;221
Living & Working Abroad;2;221
Neonatal Medicine;2;221
Photographs: Portraits;2;221
Individual Architects & Architectural Firms;2;221
Human Rights & Civil Liberties Law;2;221
Physical Education & Dance;2;221
Hotel & Catering Trades;2;221
Radio Scripts;2;221
Plant Physiology;2;221
Pain & Pain Management;2;221
Knitting & Crochet;2;221
Food Manufacturing & Related Industries;2;221
Picture Books;2;221
Reptiles;2;221
Forestry & Silviculture: Practice & Techniques;2;221
Fitness & Diet;2;221
Medical Sociology;2;221
Islamic Law;2;221
Financial Accounting;2;221
Kabbalah: Popular Works;2;221
Public Health & Safety Law;2;221
Pregnancy, Birth & Baby Care;2;221
HIV / AIDS;2;221
Heating, Lighting, Ventilation;2;221
Law;2;221
Political Structures: Totalitarianism & Dictatorship;2;221
Residential Buildings, Domestic Buildings;2;221
Quiltmaking, Patchwork & Applique;2;221
Physics Books for Kids;2;221
Orchestras;2;221
International Human Rights Law;2;221
Internet & WWW Industries;2;221
Perception;2;221
Plays;2;221
Prisons;2;221
Tomography;1;222
Transport Planning & Policy;1;222
Birth Control, Contraception, Family Planning;1;222
Plastic & Reconstructive Surgery;1;222
Medical Screening;1;222
Medical Diagnosis;1;222
Biblical Concordances;1;222
Biochemical Immunology;1;222
Transistors;1;222
Plastics & Polymers Technology;1;222
Plant Reproduction & Propagation;1;222
Respiratory Medicine;1;222
Medical Counselling;1;222
Mechanics Of Solids;1;222
Jokes & Humour;1;222
Children's Foreign Language Dictionaries;1;222
Children's Buddhist Books;1;222
Children's Books;1;222
Kidsâ€™ Chemistry Books;1;222
Child Welfare;1;222
Chemical Engineering;1;222
Chemical & Biological Weapons;1;222
Land Forces & Warfare;1;222
Land Rights;1;222
Polymer Chemistry;1;222
Cellular Physiology;1;222
Pollution Control;1;222
Carving & Modelling, Moulding & Casting;1;222
Cartoons;1;222
Terrorist Attack;1;222
Carpentry;1;222
The Environment;1;222
Cardiothoracic Surgery;1;222
Law For The Lay Person;1;222
Law: Study & Revision Guides;1;222
Transport Technology & Trades;1;222
Theory Of Architecture;1;222
Business Negotiation;1;222
Listening Skills;1;222
Marine Engineering;1;222
Buses, Trams & Commercial;1;222
Thriller Books for Children;1;222
Mathematical Theory Of Computation;1;222
Legal Profession: General;1;222
Typography & Lettering;1;222
Transportation Books for Children;1;222
Analytic Topology;1;222
Ordnance, Weapons Technology;1;222
Winemaking Technology;1;222
Online Finance & Investing;1;222
Office Management;1;222
Offenders;1;222
Occupational Therapy;1;222
Occupational Medicine;1;222
Nursing & Ancillary Services;1;222
Network Security;1;222
Westerns;1;222
Analytical Chemistry;1;222
Western Philosophy: Enlightenment;1;222
Numbers & Counting;1;222
Nuclear Medicine;1;222
Petroleum & Oil Industries;1;222
Welfare & Benefit Systems;1;222
Aid & Relief Programmes;1;222
Palmistry, Phrenology & Physiognomy;1;222
Witches & Ghosts (Children's/YA);1;222
Agricultural Science;1;222
Zoos & Wildlife Parks;1;222
PDAs & Other Handheld Devices: Consumer/user Guides;1;222
Accident & Emergency Medicine;1;222
Other Manufacturing Technologies;1;222
Other Branches Of Medicine;1;222
Addiction & Therapy;1;222
Adoption;1;222
Adoption & Fostering;1;222
Adventure Books for Kids;1;222
Adventure Holidays;1;222
Orthopaedics & Fractures;1;222
World War 1 Fiction;1;222
Organized Crime;1;222
Aerospace & Air Transport Industries;1;222
Organic Farming;1;222
Pets;1;222
Web Graphics & Design;1;222
Battles;1;222
Children's Religious Books;1;222
Military & Defence Law;1;222
Armaments Industries;1;222
Armed Conflict;1;222
Urology & Urogenital Medicine;1;222
Midwifery;1;222
Art History: c 1400 to c 1600;1;222
Metals Technology / Metallurgy;1;222
Metabolism;1;222
Animal Pathology & Diseases;1;222
Men's Health;1;222
Automation Of Library & Information Processes;1;222
Trigonometry;1;222
Baby Names;1;222
Memorials, Monuments;1;222
Physiotherapy;1;222
Medieval European Archaeology;1;222
Military Fiction;1;222
Verse;1;222
Military History: Post WW2 Conflicts;1;222
Veterinary Medicine: Laboratory Animals;1;222
Animal Reproduction;1;222
Watercolours;1;222
Anthologies;1;222
Antiques & Collectables: Carpets, Rugs & Textiles;1;222
Network Hardware;1;222
Antiques & Collectables: Ceramics & Glass;1;222
Antiques & Collectables: Scientific & Musical Instruments;1;222
Viticulture;1;222
Virtual Reality;1;222
Virology (non-medical);1;222
Mycology, Fungi (non-medical);1;222
Musculoskeletal Medicine;1;222
Military Veterans;1;222
Veterinary Radiology;1;222
Veterinary Medicine: Large Animals (domestic / Farm);1;222
Children's Music Books;1;222
Preserving & Freezing;1;222
Postal & Telecommunications Industries;1;222
Ownership & Organization Of Enterprises;1;222
Regional Government;1;222
ELT: Speaking / Pronunciation Skills;1;222
Short Stories for Kids;1;222
Shopping Guides;1;222
ELT: Specific Skills;1;222
Shipbuilding Technology, Engineering & Trades;1;222
Regional Government Policies;1;222
Rehabilitation Of Offenders;1;222
Emergency Services;1;222
Geriatric Medicine;1;222
Earth Sciences, Geography, Environment, Planning;1;222
Relationships;1;222
Geodesy & Surveying For Maps & Charts;1;222
Economic Geology;1;222
Gender & The Law;1;222
Religious Aspects Of Sexuality, Gender & Relationships;1;222
Signal Processing;1;222
Regional Anatomy;1;222
Regional & Area Planning;1;222
Slang & Dialect Humour;1;222
Social Issues;1;222
Real Analysis, Real Variables;1;222
Drug Abuse In Sport;1;222
Drug-induced States;1;222
Drugs Trade / Drug Trafficking;1;222
HIV / AIDS: Social Aspects;1;222
Dynamics & Vibration;1;222
ELT Dictionaries & Reference;1;222
ELT Non-book Material & Resources;1;222
ELT Resource Books For Teachers;1;222
ELT Self-study Texts;1;222
Snooker, Billiards, Pool;1;222
ELT Workbooks, Practice Books & Exercises;1;222
Sleep & Dreams;1;222
ELT: English For Academic Purposes;1;222
Embryology;1;222
Gardens (descriptions, History Etc);1;222
Chinese Medicine & Acupuncture;1;222
Family Issues;1;222
Rugby Union;1;222
Rugby Football;1;222
Rug & Carpetmaking;1;222
Rubber Technology;1;222
Expert Systems / Knowledge-based Systems;1;222
Forestry & Related Industries;1;222
Family;1;222
Farm & Working Animals;1;222
Religious Counselling;1;222
Renal Medicine & Nephrology;1;222
Fluid Mechanics;1;222
First Words;1;222
Fiction Companions;1;222
Fiction Texts;1;222
Retirement;1;222
Fiction-related Items;1;222
Forests, Rainforests;1;222
Fossil Fuel Technologies;1;222
Fractal Geometry;1;222
Euclidean Geometry;1;222
Engineering Skills & Trades;1;222
Games Development & Programming;1;222
Enterprise Software;1;222
Environment Law;1;222
Environmental Archaeology;1;222
Religious Freedom / Freedom Of Worship;1;222
Equity & Trusts;1;222
Ergonomics;1;222
Ethical Issues: Abortion & Birth Control;1;222
Funny Books for Kids;1;222
Ethical Issues: Euthanasia & Right To Die;1;222
Scanning Systems & Technology;1;222
Satellite Communication;1;222
French Revolution;1;222
Ethical Issues: Prostitution & Sex Industry;1;222
Drought & Water Supply;1;222
Domestic Violence;1;222
Social Services & Welfare, Criminology;1;222
Project Management Software;1;222
Intelligence & Reasoning;1;222
Surgical Nursing;1;222
Computer Security;1;222
Computer Vision;1;222
Surface-coating Technology;1;222
Supercomputers;1;222
Intellectual Property Law;1;222
Styles;1;222
Hand Writing;1;222
Consultancy & Grants For Businesses;1;222
Structural Engineering;1;222
Prosthetics;1;222
Cookery For Dietary Conditions;1;222
Cooking For Parties;1;222
Storybooks;1;222
Storage, Maintenance & Preservation Of Collections;1;222
Computer Games Design;1;222
Intelligent & Automated Transport System Technology;1;222
Interior Design, Decor & Style Guides;1;222
Community Nursing;1;222
Chiropody & Podiatry;1;222
Chiropractic & Osteopathy;1;222
Jainism;1;222
Poultry Farming;1;222
Irregular Or Guerrilla Forces & Warfare;1;222
Power Generation & Distribution;1;222
Iron, Steel & Metals Industries;1;222
Pre-calculus;1;222
Pre-clinical Medicine: Basic Sciences;1;222
Clocks, Chronometers & Watches (horology);1;222
Internet Searching;1;222
Taxidermy;1;222
Coins, Banknotes, Medals, Seals (numismatics);1;222
Combat / Defence Skills & Manuals;1;222
Commercial Law;1;222
Storage Media & Peripherals;1;222
Stochastics;1;222
Proteins;1;222
Soups & Starters;1;222
Data Mining;1;222
Public International Law;1;222
Data Warehousing;1;222
Hospitality Industry;1;222
Homoeopathy;1;222
Puzzle Books;1;222
Decorative Arts;1;222
Decorative Wood & Metalwork;1;222
Home Renovation & Extension;1;222
Hoaxes & Deceptions;1;222
History Of Fashion;1;222
Digital Animation;1;222
Digital Music: Consumer/user Guides;1;222
Digital Video: Professional;1;222
Health Psychology;1;222
Public Finance Accounting;1;222
Public Finance;1;222
Steam Engines;1;222
Housing & Property For The Individual - Buying/selling & Legal Aspects;1;222
Statistical Physics;1;222
Industrial Quality Control;1;222
States Of Matter;1;222
Stained Glass: Artworks;1;222
Copyright Law;1;222
Cosmetics Technology;1;222
Criminal Justice Law;1;222
Criminal Or Forensic Psychology;1;222
Cryogenics;1;222
Human Reproduction, Growth & Development;1;222
Specialized Gardening Methods;1;222
Human Figures Depicted In Art;1;222
Special & Elite Forces;1;222
Cycling, Boarding & Skating (Children's/YA);1;222
Spanish Civil War;1;222
International Law Of Transport, Communications & Commerce;1;222
